"sec_idx","security","volatility","volatility_state","symbol","last_price","mu","sigma"
1,"AA US Equity",0,0,"AA",28.25,0.357587229869273,0.330415884009646
2,"AABA US Equity",0,0,"AABA",67.86,0.43310586948969,0.351091074027234
3,"AAL US Equity",0,0,"AAL",34.97,0.24069522710558,0.188851935509342
4,"AAOI US Equity",0,0,"AAOI",15.15,0.250936401802017,0.57315058756098
5,"AAPL US Equity",0,0,"AAPL",170.5,0.0499357504496735,0.176300447978541
6,"ABBV US Equity",0,0,"ABBV",80.85,0.0810101743501667,0.134903796538274
7,"ABT US Equity",0,0,"ABT",75.25,0.07313834922089,0.0622444102865631
8,"ACB US Equity",0,0,"ACB",7.06,0.19811012323951,0.498128291617088
9,"ACN US Equity",0,0,"ACN",159.1,0.065603811099459,0.107446237236215
10,"ADBE US Equity",0,0,"ADBE",259.9,0.131058105036631,0.0689998192054698
11,"ADI US Equity",0,0,"ADI",105.25,0.00450744715461845,0.0675304819861631
12,"ADM US Equity",0,0,"ADM",41.75,0.200857823928348,0.105393350942135
13,"ADP US Equity",0,0,"ADP",148.81,0.0471450355732519,0.1005934153681
14,"ADSK US Equity",0,0,"ADSK",160.9,0.0259997072421915,0.126498160321275
15,"AEM US Equity",0,0,"AEM",43.09,0.174892750376178,0.0919225278363051
16,"AES US Equity",0,0,"AES",17.1,-0.0156868652698423,0.0857645339690295
17,"AFL US Equity",0,0,"AFL",49.28,0.0170703433488144,0.0850185066305131
18,"AG US Equity",0,0,"AG",6.2,0.174232175489775,0.120034530876845
19,"AGN US Equity",0,0,"AGN",138,0.333533463862275,0.242391999384648
20,"AIG US Equity",0,0,"AIG",42.32,0.24640596351493,0.135221842757269
21,"AJRD US Equity",0,0,"AJRD",40.05,-0.00448390965815742,0.0851805167360642
22,"AKAM US Equity",0,0,"AKAM",70.14,0.170827694041868,0.124049940304231
23,"AKS US Equity",0,0,"AKS",2.97,8.81362424657502e-05,0.225927922652095
24,"ALGN US Equity",0,0,"ALGN",255,0.0537393342980108,0.146029546389316
25,"ALL US Equity",0,0,"ALL",94.38,0.0984808193063301,0.127663579338377
26,"ALLY US Equity",0,0,"ALLY",27.01,0.17422961474822,0.0785784849144563
27,"ALXN US Equity",0,0,"ALXN",129.42,0.283824238215909,0.117148603400013
28,"AMAT US Equity",0,0,"AMAT",39.11,0.250958060032076,0.207921228993389
29,"AMD US Equity",0,0,"AMD",23.72,0.0631898122849598,0.31441585082942
30,"AMGN US Equity",0,0,"AMGN",185.85,0.11336794388443,0.1426122921625
31,"AMN US Equity",0,0,"AMN",55.2,0.153556545376817,0.244820956060571
32,"AMRN US Equity",0,0,"AMRN",17.68,0.940888823830783,0.932310378261438
33,"AMRS US Equity",0,0,"AMRS",4.95,0.691332427403325,0.887301959968612
34,"AMTD US Equity",0,0,"AMTD",56.86,0.0989661551241938,0.0520370793112595
35,"AMZN US Equity",0,0,"AMZN",1609.26,0.318187198524619,0.099588487505647
36,"ANET US Equity",0,0,"ANET",264.2,0.031016396012834,0.194659594618063
37,"APA US Equity",0,0,"APA",33.3,0.0681884439288693,0.221965203397781
38,"APC US Equity",0,0,"APC",45.85,0.492324204603149,0.204714273676741
39,"ARNC US Equity",0,0,"ARNC",17.615,0.197584037716121,0.146277697547158
40,"ARRY US Equity",0,0,"ARRY",23.2,0.15347328505716,0.23780826257982
41,"ASND US Equity",0,0,"ASND",73.44,0.171870768460394,0.0829865064426882
42,"ATVI US Equity",0,0,"ATVI",44.68,0.185585260120112,0.197897597616971
43,"AUY US Equity",0,0,"AUY",2.64,0.217449389885238,0.238093504293266
44,"AVGO US Equity",0,0,"AVGO",281.45,0.077527585248051,0.11019888095805
45,"AVP US Equity",0,0,"AVP",2.62,0.0592169912544186,0.250893827645158
46,"AXL US Equity",0,0,"AXL",16.83,0.0397623255244391,0.221770649563309
47,"AXP US Equity",0,0,"AXP",107.69,0.0789903982830311,0.113543046375055
48,"AXTA US Equity",0,0,"AXTA",26.68,0.10971091478196,0.0673406620176457
49,"AZN US Equity",0,0,"AZN",41.09,0.0430262356269993,0.145314211546006
50,"AZO US Equity",0,0,"AZO",919.75,0.00327781069280032,0.0540423115030471
51,"BA US Equity",0,0,"BA",418.34,0.0597927556608785,0.0756172530992753
52,"BABA US Equity",0,0,"BABA",166.18,0.245539377847568,0.159574994889198
53,"BAC US Equity",0,0,"BAC",29.09,0.120915036158004,0.155952768996125
54,"BAX US Equity",0,0,"BAX",73.3837,0.0722049856959715,0.05006545962823
55,"BB US Equity",0,0,"BB",8.7,0.107462900767945,0.242764264986102
56,"BBBY US Equity",0,0,"BBBY",16.85,-0.2114505053346,0.090887157188541
57,"BBD US Equity",0,0,"BBD",12.3398,-0.117688356502839,0.168866697859968
58,"BBT US Equity",0,0,"BBT",50.75,0.089840128154703,0.0827216017839722
59,"BBY US Equity",0,0,"BBY",59.4,0.147133787506133,0.159943681241769
60,"BCS US Equity",0,0,"BCS",8.17,0.292429684821177,0.967366022310855
61,"BERY US Equity",0,0,"BERY",51.55,0.197725365116117,0.121332425595914
62,"BHC US Equity",0,0,"BHC",25.5599,0.30098874433345,0.36208332302043
63,"BHP US Equity",0,0,"BHP",51.95,-0.0183201175361286,0.197109507581706
64,"BIDU US Equity",0,0,"BIDU",170.45,0.311689344323964,0.197844259041496
65,"BIIB US Equity",0,0,"BIIB",332.87,0.151545833962539,0.117179618672524
66,"BILI US Equity",0,0,"BILI",17.88,0.0214183665130945,0.0984357959397819
67,"BK US Equity",0,0,"BK",52.99,0.00662191483488932,0.0828971333485996
68,"BKNG US Equity",0,0,"BKNG",1901.75,0.160809126430081,0.103779916752514
69,"BKS US Equity",0,0,"BKS",6.33,0.288452399555141,0.440047283673896
70,"BLK US Equity",0,0,"BLK",431,0.0824024656616525,0.0709160716105692
71,"BLMN US Equity",0,0,"BLMN",21.805,0.0638315438656818,0.11330798944674
72,"BMY US Equity",0,0,"BMY",51.64,0.131743686090941,0.0856418433428495
73,"BP US Equity",0,0,"BP",42.38,0.220930662056923,0.106469272545544
74,"BSX US Equity",0,0,"BSX",40.01,0.103251515034912,0.066198492103317
75,"BTG US Equity",0,0,"BTG",3.01,0.272743634487265,0.206732882010302
76,"BUD US Equity",0,0,"BUD",77.69,0.195349382080221,0.210878739064031
77,"BX US Equity",0,0,"BX",33.45,0.248761082015218,0.106763801243567
78,"C US Equity",0,0,"C",64.22,0.132663865267616,0.179902865532507
79,"CAG US Equity",0,0,"CAG",24.5,0.351325693896252,0.215530060306934
80,"CAR US Equity",0,0,"CAR",28.8899,0.407375597711316,0.279392202816689
81,"CAT US Equity",0,0,"CAT",136.3,0.0237682082070495,0.148028322207065
82,"CBOE US Equity",0,0,"CBOE",93.54,0.142746210606463,0.0643959081449873
83,"CBS US Equity",0,0,"CBS",50.78,0.166467596699494,0.110027670770995
84,"CC US Equity",0,0,"CC",37.85,0.202742770755817,0.152503456864594
85,"CCJ US Equity",0,0,"CCJ",12.31,0.126208624941084,0.167094573128437
86,"CELG US Equity",0,0,"CELG",90.51,0.102392939190287,0.127252926766336
87,"CF US Equity",0,0,"CF",41.77,0.250682753446742,0.15243896648062
88,"CGC US Equity",0,0,"CGC",47.49,0.154871056694816,0.345231773450511
89,"CHK US Equity",0,0,"CHK",2.61,0.132384670679982,0.395724307286105
90,"CHRW US Equity",0,0,"CHRW",91.45,0.0204408468701081,0.117984248706218
91,"CHTR US Equity",0,0,"CHTR",349.06,0.129673282773206,0.238939390699578
92,"CI US Equity",0,0,"CI",197.45,0.201136462621729,0.153196500749964
93,"CIEN US Equity",0,0,"CIEN",40.5,0.0148390871800825,0.0852523837481214
94,"CIT US Equity",0,0,"CIT",50.77,0.0145314379217951,0.0888244646828046
95,"CL US Equity",0,0,"CL",66.6999,-0.0268516577617804,0.0913693303530457
96,"CLF US Equity",0,0,"CLF",11.25,0.179131204711055,0.216193574492605
97,"CLR US Equity",0,0,"CLR",47,0.187158151321988,0.234542391021029
98,"CLVS US Equity",0,0,"CLVS",25.42,-0.0053970186910013,0.409265056167758
99,"CMCSA US Equity",0,0,"CMCSA",37.6,0.180534390717416,0.0848253786748752
100,"CME US Equity",0,0,"CME",175.85,0.0889733878098883,0.137757200644532
101,"CMG US Equity",0,0,"CMG",606,-0.0455763690716426,0.114666914209758
102,"CMI US Equity",0,0,"CMI",155.47,0.0437386667233855,0.108801497956737
103,"CNQ US Equity",0,0,"CNQ",27.85,0.202138208595268,0.0980112678677246
104,"COF US Equity",0,0,"COF",81.57,0.145184114995463,0.162007446940522
105,"COG US Equity",0,0,"COG",25.23,0.143450927381105,0.0953441595357791
106,"COP US Equity",0,0,"COP",70.01,0.131226819976826,0.0693327503159944
107,"CORT US Equity",0,0,"CORT",11.79,0.302379723032212,0.692131412937898
108,"COST US Equity",0,0,"COST",216.02,0.094892058009484,0.0839259674195043
109,"COTY US Equity",0,0,"COTY",11.03,-0.0413538644154178,0.144079129723787
110,"CP US Equity",0,0,"CP",203.5,0.136413699593339,0.0776495314604116
111,"CPE US Equity",0,0,"CPE",7.85,0.498994750372879,0.423029572365031
112,"CPRI US Equity",0,0,"CPRI",44.49,0.235991336002857,0.237084151983986
113,"CRC US Equity",0,0,"CRC",21.2,0.0744920689339307,0.375761273699969
114,"CREE US Equity",0,0,"CREE",52.23,0.0200303231386141,0.192604182948382
115,"CRM US Equity",0,0,"CRM",159.28,0.0733163927633145,0.101809354300938
116,"CRON US Equity",0,0,"CRON",21.32,-0.357801211776874,0.23871078530307
117,"CRR US Equity",0,0,"CRR",4.41,0.0100647940581506,0.366312863250283
118,"CRZO US Equity",0,0,"CRZO",12.68,0.593685990255452,0.499179012646188
119,"CS US Equity",0,0,"CS",11.75,0.545647675440758,1.1953596635357
120,"CSCO US Equity",0,0,"CSCO",49.35,0.124395462206684,0.101008671631582
121,"CSIQ US Equity",0,0,"CSIQ",20.81,0.080488589684023,0.207218572846386
122,"CSX US Equity",0,0,"CSX",72.5,0.0705851338245247,0.0892245981087306
123,"CTL US Equity",0,0,"CTL",13.8,0.0774678795506717,0.247057120545287
124,"CTRP US Equity",0,0,"CTRP",33.32,0.122195964703195,0.214689310906361
125,"CTSH US Equity",0,0,"CTSH",73.85,0.133937799894885,0.105115229857247
126,"CTXS US Equity",0,0,"CTXS",105.12,0.0460697500667374,0.162949889891119
127,"CVE US Equity",0,0,"CVE",8.75,0.193230021313248,0.168038456598459
128,"CVNA US Equity",0,0,"CVNA",35.35,0.702729826218178,0.371976457667596
129,"CVS US Equity",0,0,"CVS",69.98,0.306070321332198,0.163793824340386
130,"CVX US Equity",0,0,"CVX",119,0.162405822865128,0.065830933959018
131,"CX US Equity",0,0,"CX",4.97,0.56458119950103,0.355295264533136
132,"CXO US Equity",0,0,"CXO",122.97,0.323255092703602,0.211642710426811
133,"CYBR US Equity",0,0,"CYBR",101,0.128641433949523,0.0832604947687327
134,"CYH US Equity",0,0,"CYH",3.63,0.0630288308292152,0.724361722386045
135,"CZR US Equity",0,0,"CZR",9.3,0.348160315565808,0.142658949025441
136,"DAL US Equity",0,0,"DAL",51.24,0.240119601325721,0.135612871135308
137,"DAN US Equity",0,0,"DAN",19.09,0.0574564596483163,0.175420806757965
138,"DB US Equity",0,0,"DB",8.7999,-0.0439260043995674,0.151708426033384
139,"DBD US Equity",0,0,"DBD",8.12,0.158821956883924,0.235416283136624
140,"DBX US Equity",0,0,"DBX",25.55,0.227352112618156,0.252330663356564
141,"DDD US Equity",0,0,"DDD",13.65,0.0593364578593313,0.244076162779949
142,"DE US Equity",0,0,"DE",159.4,0.0790102695850185,0.117054665073388
143,"DELL US Equity",0,0,"DELL",54.95,0.0387233123008562,0.144023910532949
144,"DFS US Equity",0,0,"DFS",71.29,0.08661082089975,0.0922519368045876
145,"DG US Equity",0,0,"DG",119,0.0076365442582921,0.0571283677726328
146,"DHI US Equity",0,0,"DHI",39.97,0.0898637426711344,0.104399538611109
147,"DIS US Equity",0,0,"DIS",112.5,0.138674680806564,0.0909607990151264
148,"DISCA US Equity",0,0,"DISCA",29.3,0.258744185920288,0.170500488178615
149,"DISH US Equity",0,0,"DISH",30.91,0.312761990482787,0.963013615027863
150,"DKS US Equity",0,0,"DKS",37.39,0.057526948005354,0.105911364149862
151,"DLTR US Equity",0,0,"DLTR",98.55,0.0332529378714104,0.0885231453896192
152,"DNR US Equity",0,0,"DNR",2.15,0.300305456588349,0.469539485665813
153,"DUK US Equity",0,0,"DUK",87.45,0.0266514311959278,0.0522454098675509
154,"DVN US Equity",0,0,"DVN",28.7,0.322508912122861,0.263375644022293
155,"DWDP US Equity",0,0,"DWDP",54.2,0.195170847389357,0.15404084503918
156,"DY US Equity",0,0,"DY",63.12,0.345772570159581,0.264908870136396
157,"EA US Equity",0,0,"EA",106.84,-0.0931941520065131,0.138527981916506
158,"EBAY US Equity",0,0,"EBAY",36.58,0.00201777302943846,0.129491992182314
159,"ECA US Equity",0,0,"ECA",6.98,0.416013643946573,0.241540678678835
160,"EIX US Equity",0,0,"EIX",60.5,0.0951089619462816,0.112119982555646
161,"ELAN US Equity",0,0,"ELAN",29.6,0.185725862143249,0.0963648430760893
162,"ELLI US Equity",0,0,"ELLI",98.88,-0.0275954416135342,0.0820160483757723
163,"EMR US Equity",0,0,"EMR",68.31,0.0768859773562792,0.0867641285169128
164,"ENB US Equity",0,0,"ENB",35.82,0.200898686310077,0.0816071192104991
165,"EOG US Equity",0,0,"EOG",100.7,0.16494916942747,0.143187205760745
166,"EPD US Equity",0,0,"EPD",28.3,0.190105235734066,0.065822085353477
167,"ESV US Equity",0,0,"ESV",4.77,0.34242456783332,0.477232765577125
168,"ET US Equity",0,0,"ET",15,0.403620003436008,0.116693260768622
169,"ETH US Equity",0,0,"ETH",19.76,0.00864487114588746,0.218429557749214
170,"ETN US Equity",0,0,"ETN",78.73,0.0953404309626436,0.0802408485552704
171,"EXAS US Equity",0,0,"EXAS",87.8137,0.0579566824933289,0.103709530125831
172,"EXC US Equity",0,0,"EXC",48.055,0.0431566947366629,0.0383923723921291
173,"EXEL US Equity",0,0,"EXEL",22.07,0.271276569478238,0.28369486346909
174,"EXP US Equity",0,0,"EXP",76.15,0.115022330594207,0.155379566991073
175,"EXPE US Equity",0,0,"EXPE",127.09,0.2453916900891,0.105119836354448
176,"F US Equity",0,0,"F",8.52,0.0437718266627732,0.217397095846044
177,"FANG US Equity",0,0,"FANG",105.69,0.37671520841734,0.22443053060256
178,"FB US Equity",0,0,"FB",162.47,0.174734130214232,0.17036527538666
179,"FCAU US Equity",0,0,"FCAU",14.75,0.112621234003669,0.296395177034762
180,"FCX US Equity",0,0,"FCX",12.3,0.117248173137747,0.134731215755421
181,"FDC US Equity",0,0,"FDC",25.75,0.0657671214021051,0.125519456580277
182,"FDX US Equity",0,0,"FDX",179.5,0.193448978215055,0.261208855659785
183,"FEYE US Equity",0,0,"FEYE",17.26,0.211375217618188,0.146364446847852
184,"FGEN US Equity",0,0,"FGEN",58.5,0.257474067621938,0.207318704940673
185,"FIT US Equity",0,0,"FIT",6.45,0.228680745104508,0.270924407745758
186,"FLR US Equity",0,0,"FLR",36.31,0.264675053662713,0.191754049411377
187,"FNV US Equity",0,0,"FNV",76.4,0.109480667556369,0.0923863991205607
188,"FOSL US Equity",0,0,"FOSL",14.83,-0.137602426304306,0.543799626242364
189,"FOXA US Equity",0,0,"FOXA",50.43,0.000533256218984745,0.0352286898920943
190,"FSLR US Equity",0,0,"FSLR",49.02,0.196068655137567,0.187674813545027
191,"FTR US Equity",0,0,"FTR",2.67,0.401065732868604,1.15509179837977
192,"GDDY US Equity",0,0,"GDDY",72.86,0.159393491372647,0.0578253434041278
193,"GE US Equity",0,0,"GE",10.1,0.0429463793116721,0.379181489442875
194,"GG US Equity",0,0,"GG",10.7,0.19131896624748,0.263983148935172
195,"GILD US Equity",0,0,"GILD",67.6,0.188195087220069,0.101902050774428
196,"GIS US Equity",0,0,"GIS",44.5,0.00837620330008552,0.118737868766153
197,"GLNG US Equity",0,0,"GLNG",22.57,0.548876248561835,0.260303765797825
198,"GLW US Equity",0,0,"GLW",34.51,0.0679380477167366,0.12441052904799
199,"GM US Equity",0,0,"GM",39,0.11987310593338,0.170744679885392
200,"GME US Equity",0,0,"GME",11.49,-0.00813904226382136,0.190516881256154
201,"GNW US Equity",0,0,"GNW",4.55,0.110018319674187,0.551452592903079
202,"GOGO US Equity",0,0,"GOGO",3.76,-0.202618959624195,0.619579577885406
203,"GOLD US Equity",0,0,"GOLD",12.92,0.133038148331694,0.159538670620859
204,"GOOG US Equity",0,0,"GOOG",1113.7,0.172181235675612,0.0994925989876248
205,"GOOGL US Equity",0,0,"GOOGL",1121.39,0.171286774578719,0.109179008231431
206,"GOOS US Equity",0,0,"GOOS",50.08,0.261643180904463,0.288370324191184
207,"GPOR US Equity",0,0,"GPOR",8.04,0.272597389403534,0.325374248409241
208,"GPRO US Equity",0,0,"GPRO",5.92,-0.0308349381107571,0.317841691534799
209,"GRMN US Equity",0,0,"GRMN",71.62,-0.0659067257506445,0.0918258124845871
210,"GRPN US Equity",0,0,"GRPN",3.5,0.104306739877796,0.205026548451718
211,"GRUB US Equity",0,0,"GRUB",82.5,0.161343499496689,0.285061839435979
212,"GS US Equity",0,0,"GS",198.65,0.150287653441764,0.137950390166605
213,"GSK US Equity",0,0,"GSK",41.11,0.134363753624801,0.0212497064427453
214,"GT US Equity",0,0,"GT",18.85,0.00154894809307059,0.225391997904251
215,"HAL US Equity",0,0,"HAL",31.89,0.156337931958564,0.143538614781958
216,"HAS US Equity",0,0,"HAS",86.8,0.133395222835474,0.141061014596378
217,"HBI US Equity",0,0,"HBI",18.8,0.0971376500915882,0.256500959379617
218,"HCLP US Equity",0,0,"HCLP",4.25,-0.0391522592991076,0.453912231753847
219,"HD US Equity",0,0,"HD",192.41,0.0695733807382236,0.0676964608533913
220,"HES US Equity",0,0,"HES",57.89,0.12236893866972,0.144405069896838
221,"HIIQ US Equity",0,0,"HIIQ",41.3,0.581528634637224,0.291647222391009
222,"HLF US Equity",0,0,"HLF",56.7,0.114506047365529,0.127194104708581
223,"HOLX US Equity",0,0,"HOLX",45.765,0.0559202447515661,0.0910304681021641
224,"HON US Equity",0,0,"HON",153.32,0.0671337132921434,0.0636305488900495
225,"HP US Equity",0,0,"HP",57.4,0.091157336471274,0.199487788677028
226,"HPQ US Equity",0,0,"HPQ",23.2,0.180154203030417,0.141805328703522
227,"HSBC US Equity",0,0,"HSBC",42.7923,0.220814058531578,0.941939982568183
228,"I US Equity",0,0,"I",23.3,0.560830954084833,0.627526184643021
229,"IBM US Equity",0,0,"IBM",137.8001,0.0387570061789512,0.11664151908456
230,"ICE US Equity",0,0,"ICE",75.5,0.134954466358669,0.0471820756401097
231,"ICPT US Equity",0,0,"ICPT",110,0.405477290845141,0.475509638862693
232,"IMGN US Equity",0,0,"IMGN",5.73,0.934484679717021,1.15198600614727
233,"IMMU US Equity",0,0,"IMMU",14.23,0.670667916828232,0.449491617024374
234,"INFN US Equity",0,0,"INFN",4.99,0.170204530518733,0.279729655681535
235,"ING US Equity",0,0,"ING",12.4795,0.20586520527748,1.00698221930778
236,"INTC US Equity",0,0,"INTC",51.67,0.0783679000812498,0.137088674241277
237,"IP US Equity",0,0,"IP",46.9,0.169293707334468,0.24142763669563
238,"IQ US Equity",0,0,"IQ",21.95,0.219370982587883,0.215169486884393
239,"IR US Equity",0,0,"IR",104.73,0.0771310648686979,0.0519030929024935
240,"IRBT US Equity",0,0,"IRBT",119.5,-0.0677632656383376,0.0916738103491149
241,"ISRG US Equity",0,0,"ISRG",550,0.068958011923552,0.115648038163102
242,"ITUB US Equity",0,0,"ITUB",10.11,-0.108489103784253,0.151364091349939
243,"JBL US Equity",0,0,"JBL",28.55,0.154581525218973,0.206468430622528
244,"JBLU US Equity",0,0,"JBLU",18,0.11432725547973,0.162528922360965
245,"JCP US Equity",0,0,"JCP",1.3101,0.671642122849906,1.48471608332565
246,"JD US Equity",0,0,"JD",23.98,0.134850673610791,0.323669942061494
247,"JNJ US Equity",0,0,"JNJ",136.53,0.0670084595711279,0.0831790466536343
248,"JPM US Equity",0,0,"JPM",105.56,0.0979261658232369,0.108127966869655
249,"JWN US Equity",0,0,"JWN",44.44,0.0621799739759955,0.119402204337391
250,"KBH US Equity",0,0,"KBH",22.38,-0.00372309772505775,0.183012937447242
251,"KEY US Equity",0,0,"KEY",17.5437,0.118959107923539,0.110282840214142
252,"KGC US Equity",0,0,"KGC",3.47,0.139913332521294,0.198503637756493
253,"KHC US Equity",0,0,"KHC",48,0.0992828161869488,0.195910585109342
254,"KKR US Equity",0,0,"KKR",23.89,0.247378215357777,0.10765187410112
255,"KMI US Equity",0,0,"KMI",18.7,0.123512022849689,0.082128032382071
256,"KNX US Equity",0,0,"KNX",33.9,0.161399544477396,0.19235917930558
257,"KO US Equity",0,0,"KO",45.32,0.131387074955591,0.103851413933101
258,"KR US Equity",0,0,"KR",29.5,0.0839602296837951,0.104660661753661
259,"KSS US Equity",0,0,"KSS",66.0763,0.138823149747539,0.151535258408303
260,"LB US Equity",0,0,"LB",27.34,0.0963744945753238,0.23666170757686
261,"LEAF US Equity",0,0,"LEAF",8.27,0.718880351729268,0.206580400118782
262,"LEN US Equity",0,0,"LEN",49.07,0.152043957421892,0.146464244942451
263,"LITE US Equity",0,0,"LITE",46.1813,0.424534678992506,0.233090972420381
264,"LKQ US Equity",0,0,"LKQ",27.15,0.519680836369817,0.205172120158959
265,"LLY US Equity",0,0,"LLY",121.8,0.0053352515203847,0.106522618183212
266,"LM US Equity",0,0,"LM",30.58,-0.0527187087373994,0.12802880601947
267,"LMT US Equity",0,0,"LMT",307.05,0.0774872122529002,0.0764443181892187
268,"LNG US Equity",0,0,"LNG",66.22,0.169905582893383,0.0964820595867528
269,"LOGM US Equity",0,0,"LOGM",83.25,0.193672040610368,0.226228388972955
270,"LOW US Equity",0,0,"LOW",104.69,0.0511843277499461,0.090357491976968
271,"LOXO US Equity",0,0,"LOXO",234.8,-0.0350869181221916,0.0478229870419216
272,"LRCX US Equity",0,0,"LRCX",180.9,0.118102145777133,0.154141208806423
273,"LULU US Equity",0,0,"LULU",151.3,0.130639238152349,0.138015319351577
274,"LUV US Equity",0,0,"LUV",57.93,0.122217793986264,0.0778308566898761
275,"LVS US Equity",0,0,"LVS",60.31,0.0620889796710482,0.126297092478287
276,"M US Equity",0,0,"M",24.88,0.168171860326902,0.288538981943264
277,"MA US Equity",0,0,"MA",222.11,0.0704474457582979,0.0521024728071768
278,"MAR US Equity",0,0,"MAR",121.05,0.0469741705043367,0.105486669053335
279,"MAT US Equity",0,0,"MAT",13.85,0.00837185895559629,0.224221291775526
280,"MBI US Equity",0,0,"MBI",9.82,0.277774013623883,0.38374249234912
281,"MCD US Equity",0,0,"MCD",179.98,0.0993245351215225,0.0441187070711997
282,"MCO US Equity",0,0,"MCO",169.26,0.0121011805886059,0.0640525183813111
283,"MDCO US Equity",0,0,"MDCO",25,0.84181931501016,0.663934321222612
284,"MDLZ US Equity",0,0,"MDLZ",47.76,0.0546303742046211,0.0620718066035324
285,"MDR US Equity",0,0,"MDR",7.17,0.826916358191138,1.17513179025328
286,"MDRX US Equity",0,0,"MDRX",12.21,0.0469992609787926,0.152763185608803
287,"MDT US Equity",0,0,"MDT",92.4,0.142718280878215,0.0704188312115398
288,"MET US Equity",0,0,"MET",44.8,0.138782825830498,0.0809162817602057
289,"MGM US Equity",0,0,"MGM",28,0.202341245581589,0.151276147866837
290,"MHK US Equity",0,0,"MHK",139.21,0.0276268545818286,0.162029274648139
291,"MLCO US Equity",0,0,"MLCO",21.69,0.119246462978521,0.260897401131326
292,"MLM US Equity",0,0,"MLM",190.06,0.135820259058257,0.130436431556208
293,"MLNX US Equity",0,0,"MLNX",99,0.160790141960448,0.113092637775004
294,"MMM US Equity",0,0,"MMM",208.5,-0.0661459518902069,0.113230434854368
295,"MNST US Equity",0,0,"MNST",58.72,0.0622751358306714,0.12484809457774
296,"MO US Equity",0,0,"MO",48.85,0.162488684155446,0.161018382425572
297,"MPC US Equity",0,0,"MPC",65.01,0.379812771999179,0.195712833953282
298,"MRK US Equity",0,0,"MRK",79.84,0.0501287304060957,0.0758676490316206
299,"MRO US Equity",0,0,"MRO",17.0999,0.226307210625319,0.182329827361007
300,"MRVL US Equity",0,0,"MRVL",18.92,0.159310675772235,0.177090354856206
301,"MS US Equity",0,0,"MS",41.89,0.228397359854072,0.131555484189365
302,"MSFT US Equity",0,0,"MSFT",108.2,0.122781628777758,0.1462439746623
303,"MT US Equity",0,0,"MT",23.08,0.237568275598473,0.781341901594398
304,"MTCH US Equity",0,0,"MTCH",57.3,0.0470469957941631,0.119437870753462
305,"MTG US Equity",0,0,"MTG",13.1,0.205765717050752,0.191620041487612
306,"MU US Equity",0,0,"MU",42,0.200837712831509,0.371284063427474
307,"MYL US Equity",0,0,"MYL",32.22,0.229720980874573,0.178807005167375
308,"NBEV US Equity",0,0,"NBEV",6.52,0.348245752135429,0.499167094071532
309,"NBR US Equity",0,0,"NBR",3.2,0.775612606391892,0.869114016458519
310,"NCR US Equity",0,0,"NCR",27.7,0.1354232501434,0.163028938313738
311,"NEM US Equity",0,0,"NEM",33.46,0.1350008212798,0.164446698414241
312,"NFLX US Equity",0,0,"NFLX",357.21,0.167624968570009,0.157558702814267
313,"NGL US Equity",0,0,"NGL",13.72,0.0869074979873534,0.127965972593318
314,"NIO US Equity",0,0,"NIO",7.44,0.225304381243672,0.356311554526342
315,"NKE US Equity",0,0,"NKE",85.3,0.0274589834749307,0.110837253200032
316,"NKTR US Equity",0,0,"NKTR",42.48,0.554562724092101,0.65225282700682
317,"NLSN US Equity",0,0,"NLSN",26.3,0.0646142947344243,0.128021060763809
318,"NOC US Equity",0,0,"NOC",286.95,0.0921301221217107,0.0786867342495566
319,"NOK US Equity",0,0,"NOK",6.3,0.194918641411896,0.130347795805396
320,"NOW US Equity",0,0,"NOW",234.69,0.00522662139703584,0.0576838193571425
321,"NRG US Equity",0,0,"NRG",42.93,0.0527868312844726,0.112848614855679
322,"NSC US Equity",0,0,"NSC",189.89,0.0299948798069191,0.0749992140341972
323,"NTAP US Equity",0,0,"NTAP",64.03,0.260770176311709,0.174356271129902
324,"NTES US Equity",0,0,"NTES",228.89,0.191317744861682,0.117152346245253
325,"NTNX US Equity",0,0,"NTNX",53.75,0.168646597544273,0.171151930327698
326,"NTR US Equity",0,0,"NTR",53.44,0.198828031923986,0.124015593253694
327,"NUE US Equity",0,0,"NUE",59.97,0.110939711893329,0.148766861993111
328,"NVAX US Equity",0,0,"NVAX",2.13,0.809751490352396,1.26012963712339
329,"NVDA US Equity",0,0,"NVDA",157.26,0.0882688783215742,0.201491045008628
330,"NWL US Equity",0,0,"NWL",17.23,0.280372825753294,0.240210566836045
331,"NXPI US Equity",0,0,"NXPI",93.4,0.0843784966610167,0.144618153857596
332,"NYCB US Equity",0,0,"NYCB",12.05,-0.0769736136744351,0.0724659353557761
333,"OAS US Equity",0,0,"OAS",6.16,0.617269843437077,0.509145785674201
334,"OFG US Equity",0,0,"OFG",20.05,0.046850964172528,0.0635234344985006
335,"OKE US Equity",0,0,"OKE",67.14,0.102949936417993,0.076943653561675
336,"OLED US Equity",0,0,"OLED",118.25,0.0818662213402076,0.245053000544931
337,"OMC US Equity",0,0,"OMC",75,0.0537847696039159,0.0745920498934274
338,"OPK US Equity",0,0,"OPK",2.86,0.862628114023085,2.55466739854275
339,"ORCL US Equity",0,0,"ORCL",51.52,0.0669080310257298,0.0707789857784342
340,"OSTK US Equity",0,0,"OSTK",19.73,1.34818978207589,1.61549525450247
341,"OXY US Equity",0,0,"OXY",67.19,0.148107345258604,0.15501726950073
342,"PAA US Equity",0,0,"PAA",24.38,0.138588719341716,0.0861475788757617
343,"PAGP US Equity",0,0,"PAGP",24.2645,0.114991661474279,0.101127173849322
344,"PANW US Equity",0,0,"PANW",226.7,0.120944950426586,0.0937541887069944
345,"PBR US Equity",0,0,"PBR",16.6994,-0.0694080014425131,0.146091045528794
346,"PCG US Equity",0,0,"PCG",15.41,0.109438871176891,0.41351487357146
347,"PEP US Equity",0,0,"PEP",115.97,0.0240957781852066,0.06815318007307
348,"PFE US Equity",0,0,"PFE",42.4,0.0982095227877884,0.105921469209661
349,"PG US Equity",0,0,"PG",98.56,-0.0157228125466095,0.0606263389479544
350,"PHM US Equity",0,0,"PHM",27.12,0.00427704841611242,0.1444082287202
351,"PM US Equity",0,0,"PM",83.7,0.076525164652734,0.112177733917325
352,"PNC US Equity",0,0,"PNC",124.15,0.117132940703397,0.0840363452194223
353,"PRTA US Equity",0,0,"PRTA",13.15,0.107225652106902,0.263759021725163
354,"PRU US Equity",0,0,"PRU",94.35,0.137951245027932,0.118600314221718
355,"PSX US Equity",0,0,"PSX",95.99,0.237663350227199,0.101170373030089
356,"PVG US Equity",0,0,"PVG",7.25,0.729126635461796,0.580939373085078
357,"PXD US Equity",0,0,"PXD",145.35,0.346875153455134,0.235812393234169
358,"PYPL US Equity",0,0,"PYPL",94.91,0.0670910034343382,0.0655617516352939
359,"PZZA US Equity",0,0,"PZZA",45.26,0.0432088838904243,0.187259845062915
360,"QCOM US Equity",0,0,"QCOM",52,0.228171559046006,0.172570098290314
361,"QEP US Equity",0,0,"QEP",8.37,0.2731613218063,0.37211904633856
362,"QHC US Equity",0,0,"QHC",2.74,1.12124555620356,0.581326382456488
363,"QURE US Equity",0,0,"QURE",37.46,0.59287719447206,0.372232908599041
364,"RACE US Equity",0,0,"RACE",126.81,0.0130357621591515,0.184894867101294
365,"RCII US Equity",0,0,"RCII",17.96,-0.064290265804536,0.104388070911949
366,"RCL US Equity",0,0,"RCL",117.97,0.0500864586055993,0.21141069398655
367,"RDFN US Equity",0,0,"RDFN",20,-0.0574840366587218,0.189269248320634
368,"RDN US Equity",0,0,"RDN",21.1763,0.129286049416838,0.170579997788125
369,"REGN US Equity",0,0,"REGN",414.98,0.0593271659641465,0.109433901931411
370,"RESI US Equity",0,0,"RESI",11.3,0.195938496905835,0.180916833546666
371,"RF US Equity",0,0,"RF",16,0.0785793014133691,0.106811573086912
372,"RH US Equity",0,0,"RH",145.05,0.142472976409753,0.182584172359761
373,"RIG US Equity",0,0,"RIG",8.95,0.24875902747189,0.472499357787142
374,"RIO US Equity",0,0,"RIO",57.16,-0.0282225356338489,0.213882162943716
375,"RIOT US Equity",0,0,"RIOT",2.48,0.405183268062531,0.952152261610855
376,"ROKU US Equity",0,0,"ROKU",52.36,0.0487509912576138,0.210467831535373
377,"RRC US Equity",0,0,"RRC",10.87,0.540865256878171,0.461699498446628
378,"RTN US Equity",0,0,"RTN",185,0.0938594458426561,0.092082298105604
379,"S US Equity",0,0,"S",6.3,-0.0054409195041701,0.166065819380061
380,"SBUX US Equity",0,0,"SBUX",70.75,-0.00686662996760967,0.0732238284984467
381,"SC US Equity",0,0,"SC",20.593,0.133412681592132,0.0769209218122582
382,"SCHW US Equity",0,0,"SCHW",46.36,0.148309074120579,0.0915401064994482
383,"SE US Equity",0,0,"SE",16,0.110019493833249,0.125342049144649
384,"SEM US Equity",0,0,"SEM",15.74,0.376740869823214,0.222539297593515
385,"SFIX US Equity",0,0,"SFIX",25.5,0.10281011273981,0.372434240661629
386,"SGMO US Equity",0,0,"SGMO",8.85,0.764809132491075,1.0069780112615
387,"SGMS US Equity",0,0,"SGMS",25.75,0.376268495632888,0.420448171660079
388,"SHOP US Equity",0,0,"SHOP",178.56,0.0904910867142954,0.101379339431126
389,"SIRI US Equity",0,0,"SIRI",6.04,0.085000207784664,0.131618714537832
390,"SIX US Equity",0,0,"SIX",54.4,0.045385558348618,0.0843835261537024
391,"SKX US Equity",0,0,"SKX",32.22,0.128757787686082,0.151824303006139
392,"SLB US Equity",0,0,"SLB",44.95,0.164006015158606,0.156276165807491
393,"SN US Equity",0,0,"SN",0.3753,0.795483065690709,0.481613256883427
394,"SNAP US Equity",0,0,"SNAP",9.16,-0.111226373250271,0.261548914010118
395,"SNV US Equity",0,0,"SNV",39.195,0.117249022442559,0.104989382734077
396,"SO US Equity",0,0,"SO",48.5,-0.00392767427481074,0.057252199789376
397,"SPG US Equity",0,0,"SPG",184,0.0828634446123811,0.052328347709021
398,"SPLK US Equity",0,0,"SPLK",136.25,-0.00755341001870533,0.0776585663167976
399,"SPOT US Equity",0,0,"SPOT",148,0.0779280310340797,0.241354028851546
400,"SPWR US Equity",0,0,"SPWR",5.92,0.174201850642356,0.246501367222588
401,"SQ US Equity",0,0,"SQ",75.85,0.137220950845407,0.216677704130353
402,"SRPT US Equity",0,0,"SRPT",138.45,0.436024728324254,0.226168355534781
403,"STLD US Equity",0,0,"STLD",37.09,0.0953125427440746,0.144560070477602
404,"STNG US Equity",0,0,"STNG",19.77,0.552501546280885,0.395748273503761
405,"STT US Equity",0,0,"STT",70.7713,0.106684259081073,0.0888338202426455
406,"STX US Equity",0,0,"STX",45.5,-0.0506527724786091,0.202578583882185
407,"STZ US Equity",0,0,"STZ",174.01,0.198627524983193,0.141432924532234
408,"SU US Equity",0,0,"SU",34.04,0.178805103672907,0.0933989956793936
409,"SWK US Equity",0,0,"SWK",136.39,0.0395367034205512,0.112687835097585
410,"SWKS US Equity",0,0,"SWKS",83.1001,0.073887242146973,0.117464901630165
411,"SWN US Equity",0,0,"SWN",4.18,0.262262405750457,0.29308609297197
412,"SYF US Equity",0,0,"SYF",31.51,0.123715150884103,0.138871355664831
413,"SYMC US Equity",0,0,"SYMC",23.215,-0.0172499675644084,0.0662279515841669
414,"SYY US Equity",0,0,"SYY",67.54,0.072958215134026,0.102207383761381
415,"T US Equity",0,0,"T",30.5,0.089837462821172,0.140747358121771
416,"TAL US Equity",0,0,"TAL",32.74,0.0054145956133404,0.128456012354034
417,"TAP US Equity",0,0,"TAP",60.91,0.0825383840228806,0.104247207497809
418,"TECK US Equity",0,0,"TECK",21.65,0.234344996739743,0.267154266875507
419,"TEVA US Equity",0,0,"TEVA",17.93,0.0781063237888235,0.249867146772388
420,"TGT US Equity",0,0,"TGT",73.01,0.0682320939834332,0.136345051028887
421,"THC US Equity",0,0,"THC",24.285,0.215925635352409,0.227230796481055
422,"TJX US Equity",0,0,"TJX",50.5,0.0573415619930656,0.0948936303345821
423,"TLRY US Equity",0,0,"TLRY",76.6,0.574468532750495,0.927402218198856
424,"TME US Equity",0,0,"TME",16.3,0.028711588931149,0.123983001722786
425,"TMUS US Equity",0,0,"TMUS",72.06,0.114853143839544,0.0840156025522803
426,"TNDM US Equity",0,0,"TNDM",51.4,0.0350573636598185,0.14923419685541
427,"TPR US Equity",0,0,"TPR",36.03,0.142539040872785,0.181093712110188
428,"TPX US Equity",0,0,"TPX",56.99,0.0867555138075411,0.141105130890042
429,"TRGP US Equity",0,0,"TRGP",45.6,0.209900734709925,0.144630111242767
430,"TRIP US Equity",0,0,"TRIP",56.5,0.074205228112867,0.162963703041175
431,"TRUE US Equity",0,0,"TRUE",7.8,0.134990288891319,0.18134238774763
432,"TSLA US Equity",0,0,"TSLA",307.75,0.00315512687972823,0.40363818756779
433,"TSN US Equity",0,0,"TSN",62.12,0.0297425989861854,0.231945522605341
434,"TTD US Equity",0,0,"TTD",159,-0.160682100530226,0.183812071335911
435,"TTM US Equity",0,0,"TTM",11.41,0.883213569034985,2.4587389682662
436,"TTWO US Equity",0,0,"TTWO",93.74,0.242803394820905,0.194533056171434
437,"TWLO US Equity",0,0,"TWLO",106.75,0.178325498786128,0.0898689603047564
438,"TWTR US Equity",0,0,"TWTR",31.26,-0.0121260097971127,0.172026966131705
439,"TXN US Equity",0,0,"TXN",107.57,0.042215451556415,0.119896360868717
440,"UA US Equity",0,0,"UA",19.14,0.0550500436763876,0.248896798756642
441,"UAA US Equity",0,0,"UAA",21.16,0.0939943157209162,0.289101107970701
442,"UAL US Equity",0,0,"UAL",88.21,0.14948919874833,0.167284482731013
443,"UFS US Equity",0,0,"UFS",51.81,0.0228112266564096,0.0513137059208612
444,"ULTA US Equity",0,0,"ULTA",306.37,0.0586689110530771,0.0859450893752109
445,"UN US Equity",0,0,"UN",55.15,0.149191505803005,0.166902584691202
446,"UNH US Equity",0,0,"UNH",270.6,0.121924695229706,0.0763394447570778
447,"UNIT US Equity",0,0,"UNIT",13.99,0.597385387464811,0.308817535309281
448,"UNP US Equity",0,0,"UNP",170.24,0.0407354325337418,0.0522837106779835
449,"UPS US Equity",0,0,"UPS",110.85,0.0790205118712847,0.108431258838229
450,"URBN US Equity",0,0,"URBN",30.475,0.286073043018545,0.203351439156213
451,"URI US Equity",0,0,"URI",134.75,0.128659618886093,0.320749377949651
452,"USB US Equity",0,0,"USB",51.31,0.0710633836202285,0.0747604265950965
453,"UTX US Equity",0,0,"UTX",127.6,0.0923691454680915,0.087785523280828
454,"UXIN US Equity",0,0,"UXIN",4.05,0.986172928947388,1.22813778194262
455,"V US Equity",0,0,"V",144.91,0.112459287228662,0.082237114035181
456,"VALE US Equity",0,0,"VALE",12.35,0.0101665724785432,0.253594308573042
457,"VIAB US Equity",0,0,"VIAB",29.15,0.195530282241133,0.128708138245172
458,"VIPS US Equity",0,0,"VIPS",7.01,0.00645253422707835,0.262156137746478
459,"VKTX US Equity",0,0,"VKTX",9.08,2.02405975992783,1.01368629956599
460,"VLO US Equity",0,0,"VLO",84.11,0.264425208457036,0.194811658401082
461,"VMW US Equity",0,0,"VMW",169.745,0.0318213313906505,0.111144234777108
462,"VNOM US Equity",0,0,"VNOM",35.19,0.15426306157441,0.17318671191843
463,"VOD US Equity",0,0,"VOD",18.01,0.471111380604232,0.737196891279831
464,"VRTX US Equity",0,0,"VRTX",188.07,0.105983802809158,0.0706034043761633
465,"VTR US Equity",0,0,"VTR",65.09,-0.0613520561552392,0.0742793228974935
466,"VZ US Equity",0,0,"VZ",55.1,0.100813120279926,0.0576547753469346
467,"W US Equity",0,0,"W",122.11,0.0174311627534614,0.166177717536016
468,"WB US Equity",0,0,"WB",64.5,0.172612941789814,0.149000109597065
469,"WBA US Equity",0,0,"WBA",73.6,0.0685928550809343,0.113686880650468
470,"WDAY US Equity",0,0,"WDAY",190.51,-0.0718594744756423,0.0987278192171574
471,"WDC US Equity",0,0,"WDC",47.89,0.18791889383463,0.424684731072809
472,"WFC US Equity",0,0,"WFC",49.22,0.10410169390684,0.134300400277585
473,"WFT US Equity",0,0,"WFT",0.84,1.69570741776849,2.25372351583663
474,"WHR US Equity",0,0,"WHR",140.63,-0.0439882812973198,0.107760035510292
475,"WLL US Equity",0,0,"WLL",29.35,0.3133372615667,0.373400833507896
476,"WMB US Equity",0,0,"WMB",27.27,0.155305608651539,0.0888222054830105
477,"WMT US Equity",0,0,"WMT",100.15,0.0630480009847752,0.0654567821162609
478,"WPM US Equity",0,0,"WPM",21.49,0.332427313541707,0.165318509713597
479,"WPX US Equity",0,0,"WPX",13.41,0.380918370233468,0.269339254893372
480,"WTW US Equity",0,0,"WTW",30.45,1.39279676200622,0.916706821115234
481,"WY US Equity",0,0,"WY",25.5178,0.106361098354614,0.173263450688435
482,"WYNN US Equity",0,0,"WYNN",124.85,0.0752977792533557,0.125792282154532
483,"X US Equity",0,0,"X",22.92,0.030915449698865,0.173769105063742
484,"XLNX US Equity",0,0,"XLNX",119.31,-0.105607463407508,0.102086819320922
485,"XOM US Equity",0,0,"XOM",77.71,0.0829630179370689,0.129881299040926
486,"XPO US Equity",0,0,"XPO",52,0.588703743733106,0.468553767908144
487,"XRX US Equity",0,0,"XRX",30.32,0.0384840818402438,0.191385679955157
488,"YELP US Equity",0,0,"YELP",39.93,0.000136845271100187,0.175482862497218
489,"YETI US Equity",0,0,"YETI",22.8,0.194425007067803,0.221778410894448
490,"YNDX US Equity",0,0,"YNDX",31.87,0.261106939949874,0.183708342960254
491,"YPF US Equity",0,0,"YPF",15.5,0.430967029344424,0.326808378718856
492,"YUM US Equity",0,0,"YUM",94.12,0.0362443658271852,0.0932503946558747
493,"Z US Equity",0,0,"Z",37.53,0.108607488782959,0.283859967729624
494,"ZAYO US Equity",0,0,"ZAYO",25.74,0.292008451200237,0.148826553488622
495,"ZION US Equity",0,0,"ZION",50.01,0.0931293720033121,0.0942295517554797
496,"ZIOP US Equity",0,0,"ZIOP",2.59,0.551136668049611,0.562990777630743
497,"ZNGA US Equity",0,0,"ZNGA",5.02,0.0867808263028969,0.09517305846322
498,"ZTS US Equity",0,0,"ZTS",95.48,0.0679479109564768,0.0820445319041061
