"sec_idx","security","volatility","volatility_state","symbol","last_price","mu","sigma","iv","strike","option_price","option","position"
1,"AA US Equity",0.023829525,0,"AA",28.25,0.357587229869273,0.330415884009646,0.42958,30,4.4,"AA Jan 17 2020 30 Call",1
3,"AAL US Equity",0.015531067,0,"AAL",34.97,0.24069522710558,0.188851935509342,0.36023,36,3.2,"AAL Aug 16 2019 36 Call",1
4,"AAOI US Equity",NA,0,"AAOI",15.15,0.250936401802017,0.57315058756098,0.69299,17.5,4.13,"AAOI Sep 20 2019 17.5 Call",1
8,"ACB US Equity",0.06359164,0,"ACB",7.06,0.19811012323951,0.498128291617088,0.67684,8,1.12,"ACB Sep 20 2019 8 Call",1
12,"ADM US Equity",0.012725919,0,"ADM",41.75,0.200857823928348,0.105393350942135,0.21054,42,2.61,"ADM Sep 20 2019 42 Call",1
15,"AEM US Equity",0.02786018,0,"AEM",43.09,0.174892750376178,0.0919225278363051,0.28502,44,3.24,"AEM Aug 16 2019 44 Call",1
16,"AES US Equity",0.021130286,0,"AES",17.1,0.0156868652698423,0.0857645339690295,0.25274,17,1.12,"AES Aug 16 2019 17 Call",-1
17,"AFL US Equity",0.0120220855,0,"AFL",49.28,0.0170703433488144,0.0850185066305131,0.15699,50,1.87,"AFL Aug 16 2019 50 Call",1
18,"AG US Equity",0.06029948,0,"AG",6.2,0.174232175489775,0.120034530876845,0.51965,7,0.95,"AG Dec 20 2019 7 Call",1
20,"AIG US Equity",0.012939483,0,"AIG",42.32,0.24640596351493,0.135221842757269,0.2514,43,2.3,"AIG Aug 16 2019 43 Call",1
21,"AJRD US Equity",0.033723596,0,"AJRD",40.05,0.00448390965815742,0.0851805167360642,0.40894,45,2.96,"AJRD Aug 16 2019 45 Call",-1
23,"AKS US Equity",0.11425604,0,"AKS",2.97,8.81362424657502e-05,0.225927922652095,0.59373,3,0.56,"AKS Sep 20 2019 3 Call",1
26,"ALLY US Equity",0.012918933,0,"ALLY",27.01,0.17422961474822,0.0785784849144563,0.26457,28,1.7,"ALLY Sep 20 2019 28 Call",1
28,"AMAT US Equity",0.018102992,0,"AMAT",39.11,0.250958060032076,0.207921228993389,0.33389,40,4.6,"AMAT Jan 17 2020 40 Call",1
29,"AMD US Equity",0.01600336,0,"AMD",23.72,0.0631898122849598,0.31441585082942,0.56282,25,4.75,"AMD Jan 17 2020 25 Call",1
32,"AMRN US Equity",0.030644398,0,"AMRN",17.68,0.940888823830783,0.932310378261438,0.6684,18,3.65,"AMRN Sep 20 2019 18 Call",1
33,"AMRS US Equity",0.086315036,0,"AMRS",4.95,0.691332427403325,0.887301959968612,0.81475,5,1.35,"AMRS Sep 20 2019 5 Call",1
37,"APA US Equity",0.016153272,0,"APA",33.3,0.0681884439288693,0.221965203397781,0.3804,35,3.75,"APA Jan 17 2020 35 Call",1
38,"APC US Equity",0.013431378,0,"APC",45.85,0.492324204603149,0.204714273676741,0.33211,47.5,2.98,"APC Aug 16 2019 47.5 Call",1
39,"ARNC US Equity",0.020479104,0,"ARNC",17.615,0.197584037716121,0.146277697547158,0.32896,18,2.11,"ARNC Jan 17 2020 18 Call",1
40,"ARRY US Equity",NA,0,"ARRY",23.2,0.15347328505716,0.23780826257982,0.65588,24,4.2,"ARRY Sep 20 2019 24 Call",1
42,"ATVI US Equity",0.02144803,0,"ATVI",44.68,0.185585260120112,0.197897597616971,0.37451,45,4.56,"ATVI Aug 16 2019 45 Call",1
43,"AUY US Equity",NA,0,"AUY",2.64,0.217449389885238,0.238093504293266,0.43973,3,0.33,"AUY Jan 17 2020 3 Call",1
45,"AVP US Equity",0.14273235,0,"AVP",2.62,0.0592169912544186,0.250893827645158,0.67147,3,0.55,"AVP Jan 17 2020 3 Call",1
46,"AXL US Equity",NA,0,"AXL",16.83,0.0397623255244391,0.221770649563309,0.39455,17,2.4,"AXL Jan 17 2020 17 Call",1
48,"AXTA US Equity",0.018135492,0,"AXTA",26.68,0.10971091478196,0.0673406620176457,0.29757,28,2.48,"AXTA Jan 17 2020 28 Call",1
49,"AZN US Equity",0.011372135,0,"AZN",41.09,0.0430262356269993,0.145314211546006,0.17848,42.5,2,"AZN Jan 17 2020 42.5 Call",1
53,"BAC US Equity",0.011987403,0,"BAC",29.09,0.120915036158004,0.155952768996125,0.2242,30,1.46,"BAC Aug 16 2019 30 Call",1
55,"BB US Equity",0.044810805,0,"BB",8.7,0.107462900767945,0.242764264986102,0.36547,10,0.56,"BB Sep 20 2019 10 Call",1
56,"BBBY US Equity",0.023250869,0,"BBBY",16.85,0.2114505053346,0.090887157188541,0.54102,17.5,2.22,"BBBY Aug 16 2019 17.5 Call",-1
57,"BBD US Equity",0.019723784,0,"BBD",12.3398,0.117688356502839,0.168866697859968,0.35413,13,1.05,"BBD Sep 20 2019 13 Call",-1
60,"BCS US Equity",0.04645818,0,"BCS",8.17,0.292429684821177,0.967366022310855,0.33958,9,0.52,"BCS Sep 20 2019 9 Call",1
62,"BHC US Equity",0.020966459,0,"BHC",25.5599,0.30098874433345,0.36208332302043,0.43282,30,2.95,"BHC Jan 17 2020 30 Call",1
66,"BILI US Equity",0.046374824,0,"BILI",17.88,0.0214183665130945,0.0984357959397819,0.5719,20,3.25,"BILI Jan 17 2020 20 Call",1
69,"BKS US Equity",0.06185854,0,"BKS",6.33,0.288452399555141,0.440047283673896,0.54357,7,0.88,"BKS Jan 17 2020 7 Call",1
71,"BLMN US Equity",NA,0,"BLMN",21.805,0.0638315438656818,0.11330798944674,0.34035,22.5,1.2,"BLMN Jan 17 2020 22.5 Call",1
73,"BP US Equity",0.016006952,0,"BP",42.38,0.220930662056923,0.106469272545544,0.19534,45,1.63,"BP Jan 17 2020 45 Call",1
74,"BSX US Equity",0.014884529,0,"BSX",40.01,0.103251515034912,0.066198492103317,0.24637,41,2.52,"BSX Aug 16 2019 41 Call",1
77,"BX US Equity",0.017822647,0,"BX",33.45,0.248761082015218,0.106763801243567,0.23349,34,1.81,"BX Sep 20 2019 34 Call",1
79,"CAG US Equity",0.018375464,0,"CAG",24.5,0.351325693896252,0.215530060306934,0.29681,25,1.8,"CAG Sep 20 2019 25 Call",1
80,"CAR US Equity",NA,0,"CAR",28.8899,0.407375597711316,0.279392202816689,0.48955,29,3.4,"CAR Aug 16 2019 29 Call",1
84,"CC US Equity",0.051936585,0,"CC",37.85,0.202742770755817,0.152503456864594,0.37035,38,4.06,"CC Jan 17 2020 38 Call",1
85,"CCJ US Equity",0.030580183,0,"CCJ",12.31,0.126208624941084,0.167094573128437,0.35813,13,1,"CCJ Sep 20 2019 13 Call",1
87,"CF US Equity",0.01972902,0,"CF",41.77,0.250682753446742,0.15243896648062,0.35629,42.5,4.3,"CF Aug 16 2019 42.5 Call",1
88,"CGC US Equity",0.044577956,0,"CGC",47.49,0.154871056694816,0.345231773450511,0.58714,50,10.11,"CGC Jan 17 2020 50 Call",1
89,"CHK US Equity",0.12424825,0,"CHK",2.61,0.132384670679982,0.395724307286105,0.66579,3,0.51,"CHK Jan 17 2020 3 Call",1
93,"CIEN US Equity",0.032631435,0,"CIEN",40.5,0.0148390871800825,0.0852523837481214,0.32049,45,3.3,"CIEN Jan 17 2020 45 Call",1
96,"CLF US Equity",0.026743297,0,"CLF",11.25,0.179131204711055,0.216193574492605,0.48747,12,1.83,"CLF Jan 17 2020 12 Call",1
97,"CLR US Equity",0.020195996,0,"CLR",47,0.187158151321988,0.234542391021029,0.39989,47.5,5.5,"CLR Sep 20 2019 47.5 Call",1
98,"CLVS US Equity",0.053741097,0,"CLVS",25.42,0.0053970186910013,0.409265056167758,0.74316,28,6.7,"CLVS Jan 17 2020 28 Call",-1
99,"CMCSA US Equity",0.014782746,0,"CMCSA",37.6,0.180534390717416,0.0848253786748752,0.23178,40,2.39,"CMCSA Jan 17 2020 40 Call",1
103,"CNQ US Equity",0.014770059,0,"CNQ",27.85,0.202138208595268,0.0980112678677246,0.2825,28,0,"CNQ Sep 20 2019 28 Call",1
105,"COG US Equity",0.016298676,0,"COG",25.23,0.143450927381105,0.0953441595357791,0.32417,27,2.25,"COG Jan 17 2020 27 Call",1
107,"CORT US Equity",0.06730907,0,"CORT",11.79,0.302379723032212,0.692131412937898,0.70085,12,2,"CORT Aug 16 2019 12 Call",1
109,"COTY US Equity",NA,0,"COTY",11.03,0.0413538644154178,0.144079129723787,0.39447,12,0.74,"COTY Aug 16 2019 12 Call",-1
111,"CPE US Equity",0.04283216,0,"CPE",7.85,0.498994750372879,0.423029572365031,0.54281,8,1.5,"CPE Jan 17 2020 8 Call",1
112,"CPRI US Equity",0.017255673,0,"CPRI",44.49,0.235991336002857,0.237084151983986,0.39564,45,5.3,"CPRI Aug 16 2019 45 Call",1
113,"CRC US Equity",0.052154392,0,"CRC",21.2,0.0744920689339307,0.375761273699969,0.84818,22,4.75,"CRC Aug 16 2019 22 Call",1
116,"CRON US Equity",0.054399166,0,"CRON",21.32,0.357801211776874,0.23871078530307,0.71646,22,5.8,"CRON Jan 17 2020 22 Call",-1
117,"CRR US Equity",0.14926423,0,"CRR",4.41,0.0100647940581506,0.366312863250283,0.69344,5,0,"CRR Sep 20 2019 5 Call",1
118,"CRZO US Equity",0.035674185,0,"CRZO",12.68,0.593685990255452,0.499179012646188,0.54842,15,1.75,"CRZO Jan 17 2020 15 Call",1
119,"CS US Equity",0.25096264,0,"CS",11.75,0.545647675440758,1.1953596635357,0.25918,12,0.78,"CS Sep 20 2019 12 Call",1
120,"CSCO US Equity",0.011035547,0,"CSCO",49.35,0.124395462206684,0.101008671631582,0.22213,50,3.7,"CSCO Jan 17 2020 50 Call",1
121,"CSIQ US Equity",NA,0,"CSIQ",20.81,0.080488589684023,0.207218572846386,0.39963,22,2.75,"CSIQ Jan 17 2020 22 Call",1
123,"CTL US Equity",0.02820703,0,"CTL",13.8,0.0774678795506717,0.247057120545287,0.43482,15,1.16,"CTL Jan 17 2020 15 Call",1
124,"CTRP US Equity",0.015835188,0,"CTRP",33.32,0.122195964703195,0.214689310906361,0.37523,34,4,"CTRP Sep 20 2019 34 Call",1
127,"CVE US Equity",0.05352647,0,"CVE",8.75,0.193230021313248,0.168038456598459,0.47877,9,1.05,"CVE Sep 20 2019 9 Call",1
128,"CVNA US Equity",0.055629946,0,"CVNA",35.35,0.702729826218178,0.371976457667596,0.71174,36,8,"CVNA Aug 16 2019 36 Call",1
131,"CX US Equity",0.059864737,0,"CX",4.97,0.56458119950103,0.355295264533136,0.34158,5,0,"CX Dec 20 2019 5 Call",1
134,"CYH US Equity",0.09077158,0,"CYH",3.63,0.0630288308292152,0.724361722386045,0.8595,4,1.15,"CYH Sep 20 2019 4 Call",1
135,"CZR US Equity",0.032823697,0,"CZR",9.3,0.348160315565808,0.142658949025441,0.45605,10,1.17,"CZR Sep 20 2019 10 Call",1
137,"DAN US Equity",0.050563335,0,"DAN",19.09,0.0574564596483163,0.175420806757965,0.37676,20,1.55,"DAN Sep 20 2019 20 Call",1
138,"DB US Equity",0.03526297,0,"DB",8.7999,0.0439260043995674,0.151708426033384,0.38183,10,0.9,"DB Jan 17 2020 10 Call",-1
139,"DBD US Equity",0.45944574,0,"DBD",8.12,0.158821956883924,0.235416283136624,0.72837,10,0.97,"DBD Aug 16 2019 10 Call",1
140,"DBX US Equity",0.032721553,0,"DBX",25.55,0.227352112618156,0.252330663356564,0.45763,28,3.96,"DBX Jan 17 2020 28 Call",1
141,"DDD US Equity",0.03701539,0,"DDD",13.65,0.0593364578593313,0.244076162779949,0.60531,14,2.09,"DDD Aug 16 2019 14 Call",1
146,"DHI US Equity",0.011720254,0,"DHI",39.97,0.0898637426711344,0.104399538611109,0.35259,40,3.9,"DHI Aug 16 2019 40 Call",1
148,"DISCA US Equity",0.023589479,0,"DISCA",29.3,0.258744185920288,0.170500488178615,0.34006,30,3.56,"DISCA Jan 17 2020 30 Call",1
149,"DISH US Equity",0.023085222,0,"DISH",30.91,0.312761990482787,0.963013615027863,0.44,32.5,3.3,"DISH Sep 20 2019 32.5 Call",1
150,"DKS US Equity",0.026295664,0,"DKS",37.39,0.057526948005354,0.105911364149862,0.39839,38,3.8,"DKS Sep 20 2019 38 Call",1
152,"DNR US Equity",0.14217214,0,"DNR",2.15,0.300305456588349,0.469539485665813,0.89405,2.5,0.4,"DNR Sep 20 2019 2.5 Call",1
154,"DVN US Equity",0.017142832,0,"DVN",28.7,0.322508912122861,0.263375644022293,0.38725,30,3.56,"DVN Jan 17 2020 30 Call",1
158,"EBAY US Equity",0.010231179,0,"EBAY",36.58,0.00201777302943846,0.129491992182314,0.29043,37,4.14,"EBAY Jan 17 2020 37 Call",1
159,"ECA US Equity",0.03760674,0,"ECA",6.98,0.416013643946573,0.241540678678835,0.47039,7,1.25,"ECA Jan 17 2020 7 Call",1
161,"ELAN US Equity",0.018448431,0,"ELAN",29.6,0.185725862143249,0.0963648430760893,0.39696,30,3.8,"ELAN Jan 17 2020 30 Call",1
164,"ENB US Equity",0.015823254,0,"ENB",35.82,0.200898686310077,0.0816071192104991,0.19809,37.5,1.63,"ENB Jan 17 2020 37.5 Call",1
166,"EPD US Equity",0.01894291,0,"EPD",28.3,0.190105235734066,0.065822085353477,0.17592,29,1,"EPD Sep 20 2019 29 Call",1
167,"ESV US Equity",0.05791379,0,"ESV",4.77,0.34242456783332,0.477232765577125,0.54654,5,0.65,"ESV Sep 20 2019 5 Call",1
168,"ET US Equity",0.02135584,0,"ET",15,0.403620003436008,0.116693260768622,0.28944,15,1.35,"ET Jan 17 2020 15 Call",1
169,"ETH US Equity",0.055544972,0,"ETH",19.76,0.00864487114588746,0.218429557749214,0.35385,20,1.1,"ETH Aug 16 2019 20 Call",1
172,"EXC US Equity",0.01049224,0,"EXC",48.055,0.0431566947366629,0.0383923723921291,0.15392,50,2,"EXC Jan 17 2020 50 Call",1
173,"EXEL US Equity",NA,0,"EXEL",22.07,0.271276569478238,0.28369486346909,0.53776,23,3.3,"EXEL Aug 16 2019 23 Call",1
176,"F US Equity",0.037710063,0,"F",8.52,0.0437718266627732,0.217397095846044,0.30465,9,0.51,"F Sep 20 2019 9 Call",1
179,"FCAU US Equity",0.023542197,0,"FCAU",14.75,0.112621234003669,0.296395177034762,0.27724,15,1.23,"FCAU Sep 20 2019 15 Call",1
180,"FCX US Equity",0.027565444,0,"FCX",12.3,0.117248173137747,0.134731215755421,0.41876,13,1.14,"FCX Aug 16 2019 13 Call",1
181,"FDC US Equity",0.014044286,0,"FDC",25.75,0.0657671214021051,0.125519456580277,0.23704,27,0,"FDC Dec 20 2019 27 Call",1
183,"FEYE US Equity",0.02090927,0,"FEYE",17.26,0.211375217618188,0.146364446847852,0.40141,18,2.07,"FEYE Sep 20 2019 18 Call",1
185,"FIT US Equity",0.0911546,0,"FIT",6.45,0.228680745104508,0.270924407745758,0.60348,7,0.94,"FIT Aug 16 2019 7 Call",1
186,"FLR US Equity",0.018050482,0,"FLR",36.31,0.264675053662713,0.191754049411377,0.33525,37.5,3.9,"FLR Jan 17 2020 37.5 Call",1
188,"FOSL US Equity",0.046498336,0,"FOSL",14.83,0.137602426304306,0.543799626242364,0.71254,15,3.05,"FOSL Sep 20 2019 15 Call",-1
190,"FSLR US Equity",0.038906958,0,"FSLR",49.02,0.196068655137567,0.187674813545027,0.39946,50,5.85,"FSLR Sep 20 2019 50 Call",1
191,"FTR US Equity",0.11188316,0,"FTR",2.67,0.401065732868604,1.15509179837977,0.89896,3,0.55,"FTR Aug 16 2019 3 Call",1
193,"GE US Equity",0.02966429,0,"GE",10.1,0.0429463793116721,0.379181489442875,0.40476,11,0.85,"GE Aug 16 2019 11 Call",1
194,"GG US Equity",0.025846742,0,"GG",10.7,0.19131896624748,0.263983148935172,0.27508,12,0.75,"GG Jan 17 2020 12 Call",1
196,"GIS US Equity",0.016220866,0,"GIS",44.5,0.00837620330008552,0.118737868766153,0.21823,47.5,2.26,"GIS Jan 17 2020 47.5 Call",1
197,"GLNG US Equity",0.038918927,0,"GLNG",22.57,0.548876248561835,0.260303765797825,0.49724,25,2.55,"GLNG Sep 20 2019 25 Call",1
198,"GLW US Equity",0.01277008,0,"GLW",34.51,0.0679380477167366,0.12441052904799,0.26382,35,2.3,"GLW Aug 16 2019 35 Call",1
199,"GM US Equity",0.018026002,0,"GM",39,0.11987310593338,0.170744679885392,0.26128,40,2.59,"GM Sep 20 2019 40 Call",1
200,"GME US Equity",0.038484536,0,"GME",11.49,0.00813904226382136,0.190516881256154,0.52166,13,1.39,"GME Jan 17 2020 13 Call",-1
201,"GNW US Equity",0.0555937,0,"GNW",4.55,0.110018319674187,0.551452592903079,0.23362,5,0,"GNW Sep 20 2019 5 Call",1
202,"GOGO US Equity",0.08488752,0,"GOGO",3.76,0.202618959624195,0.619579577885406,0.82347,4,0.75,"GOGO Aug 16 2019 4 Call",-1
203,"GOLD US Equity",0.02488575,0,"GOLD",12.92,0.133038148331694,0.159538670620859,0.32698,13,1.28,"GOLD Sep 20 2019 13 Call",1
207,"GPOR US Equity",0.040694162,0,"GPOR",8.04,0.272597389403534,0.325374248409241,0.47876,10,0.87,"GPOR Dec 20 2019 10 Call",1
208,"GPRO US Equity",0.08763929,0,"GPRO",5.92,0.0308349381107571,0.317841691534799,0.4721,8,0.52,"GPRO Jan 17 2020 8 Call",-1
210,"GRPN US Equity",0.10234548,0,"GRPN",3.5,0.104306739877796,0.205026548451718,0.49705,3.5,0.73,"GRPN Jan 17 2020 3.5 Call",1
213,"GSK US Equity",0.017772287,0,"GSK",41.11,0.134363753624801,0.0212497064427453,0.14417,42,1.2,"GSK Aug 16 2019 42 Call",1
214,"GT US Equity",0.021207873,0,"GT",18.85,0.00154894809307059,0.225391997904251,0.3182,20,1.57,"GT Jan 17 2020 20 Call",1
215,"HAL US Equity",0.01345337,0,"HAL",31.89,0.156337931958564,0.143538614781958,0.2981,32.5,3.36,"HAL Jan 17 2020 32.5 Call",1
217,"HBI US Equity",0.01789238,0,"HBI",18.8,0.0971376500915882,0.256500959379617,0.33171,20,1.77,"HBI Jan 17 2020 20 Call",1
218,"HCLP US Equity",0.09524839,0,"HCLP",4.25,0.0391522592991076,0.453912231753847,0.91688,4.5,0.9,"HCLP Jan 17 2020 4.5 Call",-1
221,"HIIQ US Equity",0.08462876,0,"HIIQ",41.3,0.581528634637224,0.291647222391009,0.84028,42,9.5,"HIIQ Aug 16 2019 42 Call",1
223,"HOLX US Equity",0.017788636,0,"HOLX",45.765,0.0559202447515661,0.0910304681021641,0.26028,47,2.6,"HOLX Sep 20 2019 47 Call",1
226,"HPQ US Equity",0.015317803,0,"HPQ",23.2,0.180154203030417,0.141805328703522,0.25948,24,1.3,"HPQ Aug 16 2019 24 Call",1
227,"HSBC US Equity",0.009985032,0,"HSBC",42.7923,0.220814058531578,0.941939982568183,0.15144,45,0.81,"HSBC Sep 20 2019 45 Call",1
228,"I US Equity",0.038555548,0,"I",23.3,0.560830954084833,0.627526184643021,1.07305,24,0,"I Sep 20 2019 24 Call",1
233,"IMMU US Equity",0.03524894,0,"IMMU",14.23,0.670667916828232,0.449491617024374,0.71359,15,2.35,"IMMU Aug 16 2019 15 Call",1
234,"INFN US Equity",0.068737954,0,"INFN",4.99,0.170204530518733,0.279729655681535,0.65793,5,1.2,"INFN Jan 17 2020 5 Call",1
235,"ING US Equity",0.026278358,0,"ING",12.4795,0.20586520527748,1.00698221930778,0.2165,15,0.2,"ING Dec 20 2019 15 Call",1
237,"IP US Equity",0.014799611,0,"IP",46.9,0.169293707334468,0.24142763669563,0.23724,47.5,3.71,"IP Jan 17 2020 47.5 Call",1
238,"IQ US Equity",0.030111846,0,"IQ",21.95,0.219370982587883,0.215169486884393,0.54146,22.5,3.6,"IQ Sep 20 2019 22.5 Call",1
242,"ITUB US Equity",0.026760224,0,"ITUB",10.11,0.108489103784253,0.151364091349939,0.50776,11,0.9,"ITUB Sep 20 2019 11 Call",-1
243,"JBL US Equity",0.022165034,0,"JBL",28.55,0.154581525218973,0.206468430622528,0.2701,29,2.21,"JBL Sep 20 2019 29 Call",1
244,"JBLU US Equity",0.023866545,0,"JBLU",18,0.11432725547973,0.162528922360965,0.26584,18,1.6,"JBLU Sep 20 2019 18 Call",1
245,"JCP US Equity",0.29673973,0,"JCP",1.3101,0.671642122849906,1.48471608332565,0.84094,1.5,0.24,"JCP Aug 16 2019 1.5 Call",1
246,"JD US Equity",0.018705837,0,"JD",23.98,0.134850673610791,0.323669942061494,0.4439,24,3.6,"JD Sep 20 2019 24 Call",1
249,"JWN US Equity",0.012952911,0,"JWN",44.44,0.0621799739759955,0.119402204337391,0.35739,45,5.7,"JWN Jan 17 2020 45 Call",1
250,"KBH US Equity",0.025431523,0,"KBH",22.38,0.00372309772505775,0.183012937447242,0.3581,25,2.5,"KBH Jan 17 2020 25 Call",-1
251,"KEY US Equity",0.018016461,0,"KEY",17.5437,0.118959107923539,0.110282840214142,0.23428,18,0.95,"KEY Sep 20 2019 18 Call",1
252,"KGC US Equity",0.067705214,0,"KGC",3.47,0.139913332521294,0.198503637756493,0.42577,3.5,0.31,"KGC Aug 16 2019 3.5 Call",1
253,"KHC US Equity",0.021689055,0,"KHC",48,0.0992828161869488,0.195910585109342,0.22516,50,2.6,"KHC Jan 17 2020 50 Call",1
254,"KKR US Equity",0.018381545,0,"KKR",23.89,0.247378215357777,0.10765187410112,0.27728,24,1.85,"KKR Sep 20 2019 24 Call",1
255,"KMI US Equity",0.018916897,0,"KMI",18.7,0.123512022849689,0.082128032382071,0.20466,19,1.01,"KMI Sep 20 2019 19 Call",1
256,"KNX US Equity",0.01876435,0,"KNX",33.9,0.161399544477396,0.19235917930558,0.4313,35,3.67,"KNX Aug 16 2019 35 Call",1
257,"KO US Equity",0.01015436,0,"KO",45.32,0.131387074955591,0.103851413933101,0.15413,46,1.53,"KO Aug 16 2019 46 Call",1
258,"KR US Equity",0.016322432,0,"KR",29.5,0.0839602296837951,0.104660661753661,0.28471,30,3,"KR Jan 17 2020 30 Call",1
260,"LB US Equity",0.019006507,0,"LB",27.34,0.0963744945753238,0.23666170757686,0.43514,27.5,3.1,"LB Aug 16 2019 27.5 Call",1
261,"LEAF US Equity",0.25441173,0,"LEAF",8.27,0.718880351729268,0.206580400118782,0.39335,9,0,"LEAF Aug 16 2019 9 Call",1
262,"LEN US Equity",0.016742514,0,"LEN",49.07,0.152043957421892,0.146464244942451,0.31545,50,4.06,"LEN Aug 16 2019 50 Call",1
263,"LITE US Equity",0.030731361,0,"LITE",46.1813,0.424534678992506,0.233090972420381,0.51776,47.5,6.45,"LITE Sep 20 2019 47.5 Call",1
264,"LKQ US Equity",0.01867329,0,"LKQ",27.15,0.519680836369817,0.205172120158959,0.30199,27.5,2.3,"LKQ Aug 16 2019 27.5 Call",1
266,"LM US Equity",0.029489607,0,"LM",30.58,0.0527187087373994,0.12802880601947,0.2459,31,2,"LM Aug 16 2019 31 Call",-1
276,"M US Equity",0.016422305,0,"M",24.88,0.168171860326902,0.288538981943264,0.4236,25,2.71,"M Aug 16 2019 25 Call",1
279,"MAT US Equity",0.030258644,0,"MAT",13.85,0.00837185895559629,0.224221291775526,0.50778,15,2.3,"MAT Jan 17 2020 15 Call",1
280,"MBI US Equity",0.040339552,0,"MBI",9.82,0.277774013623883,0.38374249234912,0.36474,10,0.98,"MBI Aug 16 2019 10 Call",1
283,"MDCO US Equity",0.04805218,0,"MDCO",25,0.84181931501016,0.663934321222612,1.00944,25,8.3,"MDCO Jan 17 2020 25 Call",1
284,"MDLZ US Equity",0.013820503,0,"MDLZ",47.76,0.0546303742046211,0.0620718066035324,0.18315,49,2.2,"MDLZ Sep 20 2019 49 Call",1
285,"MDR US Equity",0.047846183,0,"MDR",7.17,0.826916358191138,1.17513179025328,0.69858,8,1.2,"MDR Aug 16 2019 8 Call",1
286,"MDRX US Equity",0.026675865,0,"MDRX",12.21,0.0469992609787926,0.152763185608803,0.44018,13,1.3,"MDRX Sep 20 2019 13 Call",1
288,"MET US Equity",0.012738433,0,"MET",44.8,0.138782825830498,0.0809162817602057,0.24138,45,3.05,"MET Sep 20 2019 45 Call",1
289,"MGM US Equity",0.016178219,0,"MGM",28,0.202341245581589,0.151276147866837,0.31076,29,2.48,"MGM Sep 20 2019 29 Call",1
291,"MLCO US Equity",0.027631678,0,"MLCO",21.69,0.119246462978521,0.260897401131326,0.39093,22,3.3,"MLCO Jan 17 2020 22 Call",1
296,"MO US Equity",0.014910023,0,"MO",48.85,0.162488684155446,0.161018382425572,0.22973,50,2.63,"MO Sep 20 2019 50 Call",1
299,"MRO US Equity",0.021559414,0,"MRO",17.0999,0.226307210625319,0.182329827361007,0.36175,20,1.38,"MRO Jan 17 2020 20 Call",1
300,"MRVL US Equity",0.017635671,0,"MRVL",18.92,0.159310675772235,0.177090354856206,0.33175,19,2.04,"MRVL Aug 16 2019 19 Call",1
301,"MS US Equity",0.010398543,0,"MS",41.89,0.228397359854072,0.131555484189365,0.27536,42,4.05,"MS Jan 17 2020 42 Call",1
303,"MT US Equity",0.020739658,0,"MT",23.08,0.237568275598473,0.781341901594398,0.34887,24,1.68,"MT Sep 20 2019 24 Call",1
305,"MTG US Equity",0.024818249,0,"MTG",13.1,0.205765717050752,0.191620041487612,0.29596,14,0.63,"MTG Sep 20 2019 14 Call",1
306,"MU US Equity",0.013818904,0,"MU",42,0.200837712831509,0.371284063427474,0.45247,42,7.71,"MU Jan 17 2020 42 Call",1
307,"MYL US Equity",0.01577361,0,"MYL",32.22,0.229720980874573,0.178807005167375,0.33084,32.5,0,"MYL Aug 16 2019 32.5 Call",1
308,"NBEV US Equity",0.0724053,0,"NBEV",6.52,0.348245752135429,0.499167094071532,0.76595,7,1.4,"NBEV Sep 20 2019 7 Call",1
309,"NBR US Equity",0.078394115,0,"NBR",3.2,0.775612606391892,0.869114016458519,0.7973,4,0.45,"NBR Sep 20 2019 4 Call",1
310,"NCR US Equity",0.024151478,0,"NCR",27.7,0.1354232501434,0.163028938313738,0.34011,28,3.83,"NCR Jan 17 2020 28 Call",1
311,"NEM US Equity",0.014664519,0,"NEM",33.46,0.1350008212798,0.164446698414241,0.26977,34,2.82,"NEM Sep 20 2019 34 Call",1
314,"NIO US Equity",0.046236087,0,"NIO",7.44,0.225304381243672,0.356311554526342,0.52862,8,0.9,"NIO Aug 16 2019 8 Call",1
316,"NKTR US Equity",0.09481063,0,"NKTR",42.48,0.554562724092101,0.65225282700682,0.57935,42,8.1,"NKTR Aug 16 2019 42 Call",1
317,"NLSN US Equity",0.0146373585,0,"NLSN",26.3,0.0646142947344243,0.128021060763809,0.33361,27,1.88,"NLSN Aug 16 2019 27 Call",1
319,"NOK US Equity",0.050456733,0,"NOK",6.3,0.194918641411896,0.130347795805396,0.32293,7,0.5,"NOK Jan 17 2020 7 Call",1
321,"NRG US Equity",0.016848823,0,"NRG",42.93,0.0527868312844726,0.112848614855679,0.29225,43,0,"NRG Sep 20 2019 43 Call",1
328,"NVAX US Equity",0.1780002,0,"NVAX",2.13,0.809751490352396,1.26012963712339,1.42175,2.5,1,"NVAX Jan 17 2020 2.5 Call",1
330,"NWL US Equity",NA,0,"NWL",17.23,0.280372825753294,0.240210566836045,0.41219,18,1.75,"NWL Sep 20 2019 18 Call",1
332,"NYCB US Equity",0.02316307,0,"NYCB",12.05,0.0769736136744351,0.0724659353557761,0.21549,15,0.15,"NYCB Jan 17 2020 15 Call",-1
333,"OAS US Equity",0.05010982,0,"OAS",6.16,0.617269843437077,0.509145785674201,0.56624,7,0.62,"OAS Aug 16 2019 7 Call",1
334,"OFG US Equity",0.04293215,0,"OFG",20.05,0.046850964172528,0.0635234344985006,0.33373,22.5,1,"OFG Aug 16 2019 22.5 Call",1
338,"OPK US Equity",0.09786308,0,"OPK",2.86,0.862628114023085,2.55466739854275,0.7036,3,0.61,"OPK Sep 20 2019 3 Call",1
340,"OSTK US Equity",0.11044691,0,"OSTK",19.73,1.34818978207589,1.61549525450247,0.88364,20,5.35,"OSTK Sep 20 2019 20 Call",1
342,"PAA US Equity",0.016968107,0,"PAA",24.38,0.138588719341716,0.0861475788757617,0.26813,25,1.45,"PAA Aug 16 2019 25 Call",1
343,"PAGP US Equity",0.025933016,0,"PAGP",24.2645,0.114991661474279,0.101127173849322,0.31499,25,1.51,"PAGP Aug 16 2019 25 Call",1
345,"PBR US Equity",0.019141039,0,"PBR",16.6994,0.0694080014425131,0.146091045528794,0.39457,17,2.5,"PBR Jan 17 2020 17 Call",-1
346,"PCG US Equity",0.047880873,0,"PCG",15.41,0.109438871176891,0.41351487357146,0.7224,16,3.4,"PCG Sep 20 2019 16 Call",1
348,"PFE US Equity",0.009264192,0,"PFE",42.4,0.0982095227877884,0.105921469209661,0.19031,43,2.14,"PFE Sep 20 2019 43 Call",1
350,"PHM US Equity",0.013521805,0,"PHM",27.12,0.00427704841611242,0.1444082287202,0.31673,30,2.15,"PHM Jan 17 2020 30 Call",1
353,"PRTA US Equity",0.090121016,0,"PRTA",13.15,0.107225652106902,0.263759021725163,0.52504,14,1.16,"PRTA Sep 20 2019 14 Call",1
356,"PVG US Equity",0.05510484,0,"PVG",7.25,0.729126635461796,0.580939373085078,0.49364,8,0.92,"PVG Sep 20 2019 8 Call",1
359,"PZZA US Equity",0.04472944,0,"PZZA",45.26,0.0432088838904243,0.187259845062915,0.3419,47.5,2.4,"PZZA Jan 17 2020 47.5 Call",1
361,"QEP US Equity",0.04016612,0,"QEP",8.37,0.2731613218063,0.37211904633856,0.36131,9,0.9,"QEP Sep 20 2019 9 Call",1
362,"QHC US Equity",NA,0,"QHC",2.74,1.12124555620356,0.581326382456488,0.94878,5,0,"QHC Aug 16 2019 5 Call",1
363,"QURE US Equity",0.13731687,0,"QURE",37.46,0.59287719447206,0.372232908599041,0.67607,40,8.7,"QURE Dec 20 2019 40 Call",1
365,"RCII US Equity",0.030836696,0,"RCII",17.96,0.064290265804536,0.104388070911949,0.37359,18,0,"RCII Sep 20 2019 18 Call",-1
367,"RDFN US Equity",0.06007089,0,"RDFN",20,0.0574840366587218,0.189269248320634,0.43541,20,2.25,"RDFN Aug 16 2019 20 Call",-1
368,"RDN US Equity",0.025395991,0,"RDN",21.1763,0.129286049416838,0.170579997788125,0.30511,22,0.6,"RDN Aug 16 2019 22 Call",1
370,"RESI US Equity",0.07207742,0,"RESI",11.3,0.195938496905835,0.180916833546666,0.44602,12.5,0.6,"RESI Sep 20 2019 12.5 Call",1
371,"RF US Equity",0.017444555,0,"RF",16,0.0785793014133691,0.106811573086912,0.25979,16,1.15,"RF Aug 16 2019 16 Call",1
373,"RIG US Equity",0.033279132,0,"RIG",8.95,0.24875902747189,0.472499357787142,0.48478,9,1.29,"RIG Aug 16 2019 9 Call",1
375,"RIOT US Equity",0.2872807,0,"RIOT",2.48,0.405183268062531,0.952152261610855,1.09447,3,0.55,"RIOT Sep 20 2019 3 Call",1
377,"RRC US Equity",NA,0,"RRC",10.87,0.540865256878171,0.461699498446628,0.47719,11,1.55,"RRC Sep 20 2019 11 Call",1
379,"S US Equity",0.05451481,0,"S",6.3,0.0054409195041701,0.166065819380061,0.38766,7,0.5,"S Aug 16 2019 7 Call",-1
381,"SC US Equity",0.019831957,0,"SC",20.593,0.133412681592132,0.0769209218122582,0.29816,22,1.05,"SC Jan 17 2020 22 Call",1
382,"SCHW US Equity",0.011626998,0,"SCHW",46.36,0.148309074120579,0.0915401064994482,0.24077,47,3.07,"SCHW Sep 20 2019 47 Call",1
383,"SE US Equity",0.042294998,0,"SE",16,0.110019493833249,0.125342049144649,0.51434,17.5,1.7,"SE Aug 16 2019 17.5 Call",1
384,"SEM US Equity",0.044500686,0,"SEM",15.74,0.376740869823214,0.222539297593515,0.40316,16,0,"SEM Sep 20 2019 16 Call",1
385,"SFIX US Equity",0.083565116,0,"SFIX",25.5,0.10281011273981,0.372434240661629,0.57638,26,3.5,"SFIX Sep 20 2019 26 Call",1
386,"SGMO US Equity",0.06620749,0,"SGMO",8.85,0.764809132491075,1.0069780112615,0.86816,9,2.15,"SGMO Aug 16 2019 9 Call",1
387,"SGMS US Equity",0.03976118,0,"SGMS",25.75,0.376268495632888,0.420448171660079,0.68453,28,6.1,"SGMS Jan 17 2020 28 Call",1
389,"SIRI US Equity",0.052123033,0,"SIRI",6.04,0.085000207784664,0.131618714537832,0.28333,6,0.54,"SIRI Sep 20 2019 6 Call",1
391,"SKX US Equity",0.021246344,0,"SKX",32.22,0.128757787686082,0.151824303006139,0.37691,35,4.55,"SKX Jan 17 2020 35 Call",1
392,"SLB US Equity",0.011449567,0,"SLB",44.95,0.164006015158606,0.156276165807491,0.29603,45,3.45,"SLB Aug 16 2019 45 Call",1
393,"SN US Equity",0.19844453,0,"SN",0.3753,0.795483065690709,0.481613256883427,1.42543,1,0.1,"SN Jan 17 2020 1 Call",1
394,"SNAP US Equity",0.037133075,0,"SNAP",9.16,0.111226373250271,0.261548914010118,0.53618,10,1.63,"SNAP Jan 17 2020 10 Call",-1
395,"SNV US Equity",0.01672681,0,"SNV",39.195,0.117249022442559,0.104989382734077,0.22001,40,1.6,"SNV Aug 16 2019 40 Call",1
396,"SO US Equity",0.021162694,0,"SO",48.5,0.00392767427481074,0.057252199789376,0.1563,49,1.66,"SO Aug 16 2019 49 Call",-1
400,"SPWR US Equity",0.07791868,0,"SPWR",5.92,0.174201850642356,0.246501367222588,0.48018,6,0.86,"SPWR Sep 20 2019 6 Call",1
403,"STLD US Equity",0.02224696,0,"STLD",37.09,0.0953125427440746,0.144560070477602,0.29124,38,2.89,"STLD Aug 16 2019 38 Call",1
404,"STNG US Equity",0.04353985,0,"STNG",19.77,0.552501546280885,0.395748273503761,0.63537,20,4.83,"STNG Jan 17 2020 20 Call",1
406,"STX US Equity",0.022404818,0,"STX",45.5,0.0506527724786091,0.202578583882185,0.35726,47.5,4.1,"STX Sep 20 2019 47.5 Call",-1
408,"SU US Equity",0.016783088,0,"SU",34.04,0.178805103672907,0.0933989956793936,0.23001,34,2.27,"SU Sep 20 2019 34 Call",1
411,"SWN US Equity",NA,0,"SWN",4.18,0.262262405750457,0.29308609297197,0.55234,4.5,0.53,"SWN Sep 20 2019 4.5 Call",1
412,"SYF US Equity",NA,0,"SYF",31.51,0.123715150884103,0.138871355664831,0.27735,32,2.55,"SYF Sep 20 2019 32 Call",1
413,"SYMC US Equity",0.01687361,0,"SYMC",23.215,0.0172499675644084,0.0662279515841669,0.30729,25,1.95,"SYMC Jan 17 2020 25 Call",-1
415,"T US Equity",0.01203729,0,"T",30.5,0.089837462821172,0.140747358121771,0.19675,33,0.97,"T Jan 17 2020 33 Call",1
416,"TAL US Equity",0.018346837,0,"TAL",32.74,0.0054145956133404,0.128456012354034,0.41732,33,4.35,"TAL Aug 16 2019 33 Call",1
418,"TECK US Equity",0.022662291,0,"TECK",21.65,0.234344996739743,0.267154266875507,0.36872,22,2.26,"TECK Aug 16 2019 22 Call",1
419,"TEVA US Equity",0.018879319,0,"TEVA",17.93,0.0781063237888235,0.249867146772388,0.37719,18,2.13,"TEVA Sep 20 2019 18 Call",1
421,"THC US Equity",0.0445355,0,"THC",24.285,0.215925635352409,0.227230796481055,0.60788,25,3.97,"THC Aug 16 2019 25 Call",1
427,"TPR US Equity",0.013635793,0,"TPR",36.03,0.142539040872785,0.181093712110188,0.30113,40,1.5,"TPR Aug 16 2019 40 Call",1
429,"TRGP US Equity",0.01872458,0,"TRGP",45.6,0.209900734709925,0.144630111242767,0.31819,47,3.1,"TRGP Jan 17 2020 47 Call",1
431,"TRUE US Equity",0.0758116,0,"TRUE",7.8,0.134990288891319,0.18134238774763,0.41755,8,1.3,"TRUE Jan 17 2020 8 Call",1
435,"TTM US Equity",0.03109012,0,"TTM",11.41,0.883213569034985,2.4587389682662,0.39066,13,1.15,"TTM Jan 17 2020 13 Call",1
438,"TWTR US Equity",0.015568262,0,"TWTR",31.26,0.0121260097971127,0.172026966131705,0.48684,32,4.5,"TWTR Sep 20 2019 32 Call",-1
440,"UA US Equity",0.022498377,0,"UA",19.14,0.0550500436763876,0.248896798756642,0.40358,20,2.78,"UA Jan 17 2020 20 Call",1
441,"UAA US Equity",0.018016744,0,"UAA",21.16,0.0939943157209162,0.289101107970701,0.40207,22.5,3,"UAA Jan 17 2020 22.5 Call",1
447,"UNIT US Equity",0.043208178,0,"UNIT",13.99,0.597385387464811,0.308817535309281,1.02708,20,2,"UNIT Aug 16 2019 20 Call",1
450,"URBN US Equity",0.01726153,0,"URBN",30.475,0.286073043018545,0.203351439156213,0.40078,31,0,"URBN Sep 20 2019 31 Call",1
454,"UXIN US Equity",0.081918955,0,"UXIN",4.05,0.986172928947388,1.22813778194262,1.01221,5,0.85,"UXIN Aug 16 2019 5 Call",1
456,"VALE US Equity",0.022947503,0,"VALE",12.35,0.0101665724785432,0.253594308573042,0.43186,13,1.11,"VALE Sep 20 2019 13 Call",1
457,"VIAB US Equity",0.018917026,0,"VIAB",29.15,0.195530282241133,0.128708138245172,0.29482,30,2.1,"VIAB Sep 20 2019 30 Call",1
458,"VIPS US Equity",0.0476709,0,"VIPS",7.01,0.00645253422707835,0.262156137746478,0.60811,7,1.18,"VIPS Aug 16 2019 7 Call",1
459,"VKTX US Equity",0.068429634,0,"VKTX",9.08,2.02405975992783,1.01368629956599,0.96102,10,2.2,"VKTX Aug 16 2019 10 Call",1
462,"VNOM US Equity",0.045726757,0,"VNOM",35.19,0.15426306157441,0.17318671191843,0.3542,36,2.85,"VNOM Sep 20 2019 36 Call",1
463,"VOD US Equity",0.017371718,0,"VOD",18.01,0.471111380604232,0.737196891279831,0.21764,20,0.75,"VOD Jan 17 2020 20 Call",1
471,"WDC US Equity",0.019148342,0,"WDC",47.89,0.18791889383463,0.424684731072809,0.39489,50,5.89,"WDC Jan 17 2020 50 Call",1
472,"WFC US Equity",0.009615226,0,"WFC",49.22,0.10410169390684,0.134300400277585,0.23299,50,3.7,"WFC Jan 17 2020 50 Call",1
473,"WFT US Equity",0.095120855,0,"WFT",0.84,1.69570741776849,2.25372351583663,1.08828,1,0.23,"WFT Aug 16 2019 1 Call",1
475,"WLL US Equity",0.026887693,0,"WLL",29.35,0.3133372615667,0.373400833507896,0.58861,30,4.43,"WLL Sep 20 2019 30 Call",1
476,"WMB US Equity",0.014416841,0,"WMB",27.27,0.155305608651539,0.0888222054830105,0.22411,28,1.28,"WMB Aug 16 2019 28 Call",1
478,"WPM US Equity",0.023202017,0,"WPM",21.49,0.332427313541707,0.165318509713597,0.28733,22.5,1.5,"WPM Sep 20 2019 22.5 Call",1
479,"WPX US Equity",0.023449987,0,"WPX",13.41,0.380918370233468,0.269339254893372,0.45296,14,1.15,"WPX Aug 16 2019 14 Call",1
480,"WTW US Equity",0.03191585,0,"WTW",30.45,1.39279676200622,0.916706821115234,0.63222,33,6.3,"WTW Jan 17 2020 33 Call",1
481,"WY US Equity",0.011950233,0,"WY",25.5178,0.106361098354614,0.173263450688435,0.22229,28,1,"WY Jan 17 2020 28 Call",1
483,"X US Equity",0.019933809,0,"X",22.92,0.030915449698865,0.173769105063742,0.43216,23,3.75,"X Jan 17 2020 23 Call",1
487,"XRX US Equity",0.015289613,0,"XRX",30.32,0.0384840818402438,0.191385679955157,0.28679,32,2.4,"XRX Jan 17 2020 32 Call",1
488,"YELP US Equity",0.024063077,0,"YELP",39.93,0.000136845271100187,0.175482862497218,0.48477,40,6.05,"YELP Aug 16 2019 40 Call",1
489,"YETI US Equity",0.09299521,0,"YETI",22.8,0.194425007067803,0.221778410894448,0.57483,25,2.91,"YETI Aug 16 2019 25 Call",1
490,"YNDX US Equity",0.03631594,0,"YNDX",31.87,0.261106939949874,0.183708342960254,0.40969,32,4.2,"YNDX Aug 16 2019 32 Call",1
491,"YPF US Equity",0.044107888,0,"YPF",15.5,0.430967029344424,0.326808378718856,0.35076,18,1.3,"YPF Jan 17 2020 18 Call",1
493,"Z US Equity",0.0320951,0,"Z",37.53,0.108607488782959,0.283859967729624,0.51745,40,4.08,"Z Aug 16 2019 40 Call",1
494,"ZAYO US Equity",0.016119936,0,"ZAYO",25.74,0.292008451200237,0.148826553488622,0.37342,27.5,2.65,"ZAYO Sep 20 2019 27.5 Call",1
496,"ZIOP US Equity",0.1368727,0,"ZIOP",2.59,0.551136668049611,0.562990777630743,1.13378,3,0.85,"ZIOP Jan 17 2020 3 Call",1
497,"ZNGA US Equity",0.07247022,0,"ZNGA",5.02,0.0867808263028969,0.09517305846322,0.38144,5.5,0.46,"ZNGA Sep 20 2019 5.5 Call",1
